                  epoch,         train/box_loss,         train/cls_loss,         train/dfl_loss,   metrics/precision(B),      metrics/recall(B),       metrics/mAP50(B),    metrics/mAP50-95(B),           val/box_loss,           val/cls_loss,           val/dfl_loss,                 lr/pg0,                 lr/pg1,                 lr/pg2
                      1,                 1.4076,                 2.0171,                 1.3802,                 0.3566,                0.23108,                0.20661,                  0.105,                 1.7286,                 2.7586,                  1.757,                0.06704,             0.00033293,             0.00033293
                      2,                  1.438,                 1.8606,                 1.4085,                0.48713,                0.38805,                0.38021,                0.22194,                 1.5271,                  1.927,                  1.459,               0.034036,             0.00066297,             0.00066297
                      3,                 1.4387,                 1.8235,                 1.4125,                0.50678,                0.39571,                0.41449,                0.24434,                 1.4921,                 1.8227,                 1.4354,              0.0010298,              0.0009897,              0.0009897
                      4,                 1.4161,                 1.7644,                 1.4002,                0.55676,                0.39804,                0.42884,                0.26188,                 1.4502,                 1.7252,                 1.4097,             0.00098515,             0.00098515,             0.00098515
                      5,                 1.3844,                 1.7052,                 1.3766,                0.57717,                0.41348,                0.44869,                0.27836,                 1.4265,                  1.677,                 1.3807,              0.0009802,              0.0009802,              0.0009802
                      6,                 1.3615,                 1.6574,                 1.3647,                 0.5798,                0.45129,                0.49391,                0.31216,                 1.3908,                 1.5522,                 1.3479,             0.00097525,             0.00097525,             0.00097525
                      7,                 1.3322,                 1.6154,                 1.3437,                 0.5774,                0.45476,                0.49402,                0.31445,                 1.3903,                 1.5329,                 1.3596,              0.0009703,              0.0009703,              0.0009703
                      8,                 1.3252,                  1.582,                 1.3391,                0.58775,                0.44504,                0.49163,                0.31062,                 1.3881,                 1.5586,                 1.3665,             0.00096535,             0.00096535,             0.00096535
                      9,                 1.3136,                 1.5525,                 1.3309,                0.59627,                0.47574,                0.52574,                0.33979,                 1.3259,                 1.4521,                 1.3106,              0.0009604,              0.0009604,              0.0009604
                     10,                 1.3063,                  1.544,                 1.3285,                0.60342,                0.47382,                0.52193,                 0.3328,                 1.3388,                 1.4595,                  1.332,             0.00095545,             0.00095545,             0.00095545
                     11,                 1.2967,                 1.5217,                 1.3199,                0.62123,                0.46989,                0.52507,                0.33782,                 1.3328,                 1.4392,                 1.3059,              0.0009505,              0.0009505,              0.0009505
                     12,                 1.2754,                  1.488,                 1.3094,                0.63282,                0.49115,                0.55027,                 0.3572,                 1.3165,                 1.3822,                 1.2945,             0.00094555,             0.00094555,             0.00094555
                     13,                 1.2714,                  1.485,                 1.3063,                0.64533,                0.48621,                0.54772,                0.35769,                 1.3014,                 1.3797,                 1.2925,              0.0009406,              0.0009406,              0.0009406
                     14,                 1.2702,                 1.4764,                 1.3053,                0.64095,                 0.4971,                0.55966,                0.36602,                 1.2958,                 1.3618,                 1.2846,             0.00093565,             0.00093565,             0.00093565
                     15,                 1.2635,                 1.4515,                 1.2995,                0.60673,                0.49456,                0.53737,                0.34516,                 1.3182,                 1.4031,                  1.308,              0.0009307,              0.0009307,              0.0009307
                     16,                 1.2554,                 1.4302,                 1.2908,                0.65509,                 0.5015,                0.57082,                0.37911,                 1.2818,                 1.3322,                 1.2839,             0.00092575,             0.00092575,             0.00092575
                     17,                 1.2473,                 1.4177,                 1.2914,                0.66319,                0.51378,                0.57852,                0.38374,                 1.2786,                 1.3163,                 1.2752,              0.0009208,              0.0009208,              0.0009208
                     18,                 1.2447,                 1.4111,                 1.2917,                0.65119,                0.51441,                 0.5792,                0.38522,                 1.2772,                 1.3015,                 1.2714,             0.00091585,             0.00091585,             0.00091585
                     19,                 1.2412,                 1.4085,                 1.2804,                0.66674,                0.51219,                0.57992,                0.38543,                 1.2742,                 1.3046,                 1.2674,              0.0009109,              0.0009109,              0.0009109
                     20,                 1.2291,                 1.3968,                 1.2811,                0.65276,                0.52252,                0.57978,                0.38519,                 1.2716,                  1.323,                  1.268,             0.00090595,             0.00090595,             0.00090595
                     21,                 1.2266,                 1.3788,                 1.2724,                0.65272,                 0.5162,                0.58217,                0.38707,                 1.2585,                 1.2854,                 1.2535,               0.000901,               0.000901,               0.000901
                     22,                 1.2235,                 1.3782,                 1.2702,                0.65954,                0.52643,                0.59234,                0.39533,                 1.2545,                 1.2724,                 1.2498,             0.00089605,             0.00089605,             0.00089605
                     23,                 1.2251,                 1.3745,                 1.2734,                0.68671,                0.52236,                0.60307,                0.40581,                 1.2515,                 1.2548,                 1.2496,              0.0008911,              0.0008911,              0.0008911
                     24,                 1.2233,                 1.3634,                 1.2729,                0.66863,                 0.5338,                0.60468,                0.40759,                 1.2311,                 1.2394,                 1.2425,             0.00088615,             0.00088615,             0.00088615
                     25,                 1.2098,                 1.3507,                 1.2646,                0.67902,                0.54132,                0.60973,                0.41261,                  1.227,                  1.225,                 1.2377,              0.0008812,              0.0008812,              0.0008812
                     26,                 1.2157,                 1.3487,                 1.2694,                0.68429,                0.53532,                0.60926,                0.40861,                  1.237,                 1.2286,                  1.248,             0.00087625,             0.00087625,             0.00087625
                     27,                 1.2037,                 1.3343,                 1.2614,                0.68122,                0.54388,                0.61817,                0.41702,                  1.229,                 1.2127,                 1.2314,              0.0008713,              0.0008713,              0.0008713
                     28,                  1.203,                  1.325,                 1.2601,                0.67238,                0.55118,                0.61877,                0.41747,                 1.2215,                 1.2081,                 1.2349,             0.00086635,             0.00086635,             0.00086635
                     29,                 1.1974,                 1.3213,                  1.257,                0.68958,                0.55038,                0.62221,                0.42071,                 1.2243,                    1.2,                 1.2326,              0.0008614,              0.0008614,              0.0008614
                     30,                 1.1939,                 1.3108,                 1.2538,                0.67895,                0.54848,                   0.62,                0.42255,                 1.2114,                 1.1968,                 1.2272,             0.00085645,             0.00085645,             0.00085645
                     31,                 1.1905,                 1.3078,                 1.2495,                0.68825,                0.55263,                0.62863,                0.42575,                 1.2175,                 1.1827,                 1.2286,              0.0008515,              0.0008515,              0.0008515
                     32,                 1.1916,                 1.3064,                 1.2516,                0.69017,                0.55029,                0.62826,                0.42626,                 1.2093,                 1.1781,                  1.224,             0.00084655,             0.00084655,             0.00084655
                     33,                 1.1909,                   1.29,                 1.2484,                0.69845,                0.55052,                0.63031,                0.42819,                 1.2121,                 1.1782,                 1.2284,              0.0008416,              0.0008416,              0.0008416
                     34,                 1.1863,                 1.2905,                 1.2441,                0.69475,                0.56335,                0.63351,                0.43104,                 1.2072,                 1.1681,                 1.2198,             0.00083665,             0.00083665,             0.00083665
                     35,                 1.1863,                 1.2846,                 1.2453,                 0.7054,                  0.553,                0.63478,                0.43337,                 1.2062,                 1.1634,                 1.2212,              0.0008317,              0.0008317,              0.0008317
                     36,                 1.1714,                 1.2805,                 1.2421,                0.68717,                  0.569,                0.63742,                0.43464,                 1.2047,                 1.1603,                 1.2197,             0.00082675,             0.00082675,             0.00082675
                     37,                 1.1726,                 1.2609,                 1.2335,                0.69708,                0.56255,                0.63988,                0.43638,                 1.1949,                 1.1513,                 1.2107,              0.0008218,              0.0008218,              0.0008218
                     38,                 1.1785,                 1.2685,                 1.2402,                0.69812,                0.56495,                0.64082,                0.43903,                  1.193,                 1.1461,                 1.2051,             0.00081685,             0.00081685,             0.00081685
                     39,                 1.1688,                 1.2547,                 1.2352,                  0.701,                0.56172,                 0.6441,                0.44222,                 1.1895,                 1.1425,                 1.2052,              0.0008119,              0.0008119,              0.0008119
                     40,                 1.1679,                 1.2538,                 1.2341,                0.71135,                0.56517,                0.64336,                0.44146,                 1.1916,                 1.1435,                  1.207,             0.00080695,             0.00080695,             0.00080695
                     41,                 1.1646,                 1.2475,                 1.2304,                0.69911,                0.57052,                0.64528,                0.44288,                 1.1858,                 1.1318,                 1.2032,               0.000802,               0.000802,               0.000802
                     42,                 1.1623,                 1.2428,                  1.229,                0.70748,                0.57294,                0.64916,                0.44551,                 1.1835,                 1.1256,                 1.2045,             0.00079705,             0.00079705,             0.00079705
                     43,                 1.1656,                 1.2424,                 1.2326,                0.70324,                0.57579,                0.64857,                0.44479,                 1.1865,                 1.1284,                 1.2056,              0.0007921,              0.0007921,              0.0007921
                     44,                 1.1615,                 1.2483,                 1.2353,                0.70794,                0.56831,                0.64952,                0.44495,                 1.1822,                 1.1261,                 1.2046,             0.00078715,             0.00078715,             0.00078715
                     45,                 1.1578,                 1.2282,                 1.2278,                0.70922,                 0.5684,                0.64837,                0.44626,                  1.182,                 1.1234,                 1.2003,              0.0007822,              0.0007822,              0.0007822
                     46,                 1.1578,                 1.2269,                 1.2259,                0.72353,                0.56605,                0.65286,                0.44926,                 1.1789,                 1.1166,                 1.2011,             0.00077725,             0.00077725,             0.00077725
                     47,                 1.1549,                 1.2255,                 1.2229,                0.71097,                0.57519,                0.65375,                0.45039,                 1.1805,                 1.1119,                 1.1995,              0.0007723,              0.0007723,              0.0007723
                     48,                 1.1536,                 1.2148,                 1.2222,                0.71732,                0.57481,                0.65562,                0.45069,                  1.177,                 1.1087,                 1.1973,             0.00076735,             0.00076735,             0.00076735
                     49,                 1.1553,                 1.2204,                 1.2236,                 0.7227,                0.57193,                0.65678,                 0.4524,                 1.1752,                 1.1048,                 1.1951,              0.0007624,              0.0007624,              0.0007624
                     50,                 1.1503,                 1.2165,                 1.2199,                0.72372,                0.57455,                 0.6582,                0.45351,                 1.1752,                 1.1057,                 1.1958,             0.00075745,             0.00075745,             0.00075745
                     51,                 1.1497,                 1.2139,                 1.2179,                0.71356,                0.57949,                0.65772,                0.45348,                 1.1756,                 1.1055,                 1.1953,              0.0007525,              0.0007525,              0.0007525
                     52,                 1.1422,                 1.1991,                 1.2183,                 0.7088,                 0.5777,                0.65535,                0.45147,                 1.1761,                 1.1036,                 1.1949,             0.00074755,             0.00074755,             0.00074755
                     53,                 1.1457,                 1.1959,                 1.2167,                 0.7161,                0.57175,                 0.6553,                0.45173,                 1.1752,                  1.102,                 1.1966,              0.0007426,              0.0007426,              0.0007426
                     54,                 1.1394,                 1.1993,                 1.2169,                0.72231,                0.57235,                  0.655,                0.45272,                 1.1725,                  1.101,                 1.1929,             0.00073765,             0.00073765,             0.00073765
                     55,                 1.1409,                 1.1902,                 1.2146,                0.72592,                0.57059,                0.65763,                0.45465,                 1.1689,                 1.0974,                 1.1898,              0.0007327,              0.0007327,              0.0007327
                     56,                 1.1391,                 1.1959,                 1.2131,                0.72439,                0.57196,                0.65811,                0.45553,                 1.1677,                 1.0954,                 1.1903,             0.00072775,             0.00072775,             0.00072775
                     57,                 1.1354,                  1.195,                  1.212,                0.72154,                0.57868,                0.65991,                0.45673,                 1.1665,                 1.0917,                 1.1897,              0.0007228,              0.0007228,              0.0007228
                     58,                 1.1286,                 1.1811,                 1.2096,                0.72312,                0.58212,                 0.6613,                0.45831,                 1.1638,                 1.0881,                 1.1877,             0.00071785,             0.00071785,             0.00071785
                     59,                  1.132,                 1.1746,                 1.2105,                0.73667,                0.57196,                0.66135,                0.45849,                 1.1639,                 1.0881,                 1.1876,              0.0007129,              0.0007129,              0.0007129
                     60,                 1.1319,                 1.1651,                 1.2065,                0.72343,                 0.5805,                0.66174,                0.45915,                 1.1643,                 1.0866,                 1.1872,             0.00070795,             0.00070795,             0.00070795
                     61,                 1.1291,                 1.1707,                 1.2071,                0.72618,                0.57904,                0.66194,                0.45946,                 1.1629,                  1.085,                 1.1867,               0.000703,               0.000703,               0.000703
                     62,                 1.1286,                 1.1659,                 1.2085,                0.72463,                0.57868,                0.66255,                0.45969,                 1.1628,                 1.0837,                 1.1875,             0.00069805,             0.00069805,             0.00069805
                     63,                 1.1216,                 1.1572,                 1.2022,                0.72244,                0.58074,                0.66245,                0.46045,                 1.1621,                 1.0832,                 1.1876,              0.0006931,              0.0006931,              0.0006931
                     64,                 1.1254,                 1.1603,                 1.2026,                0.71841,                0.58175,                0.66314,                0.46123,                 1.1618,                 1.0827,                  1.187,             0.00068815,             0.00068815,             0.00068815
                     65,                 1.1183,                 1.1521,                  1.198,                 0.7189,                0.58498,                0.66346,                0.46161,                 1.1603,                 1.0817,                  1.186,              0.0006832,              0.0006832,              0.0006832
                     66,                  1.122,                 1.1603,                 1.2016,                0.72702,                0.58059,                0.66388,                 0.4615,                 1.1604,                 1.0794,                 1.1862,             0.00067825,             0.00067825,             0.00067825
                     67,                 1.1266,                 1.1583,                 1.2057,                0.72995,                0.57945,                0.66389,                0.46143,                 1.1597,                 1.0776,                 1.1856,              0.0006733,              0.0006733,              0.0006733
                     68,                 1.1154,                 1.1518,                 1.1993,                  0.733,                0.57844,                0.66472,                0.46183,                 1.1587,                 1.0766,                 1.1848,             0.00066835,             0.00066835,             0.00066835
                     69,                 1.1225,                 1.1503,                 1.1997,                0.73113,                0.58144,                0.66435,                0.46207,                 1.1591,                 1.0761,                 1.1854,              0.0006634,              0.0006634,              0.0006634
                     70,                 1.1171,                 1.1394,                 1.1976,                0.72777,                0.58172,                0.66444,                0.46232,                 1.1573,                 1.0755,                 1.1843,             0.00065845,             0.00065845,             0.00065845
                     71,                 1.1104,                 1.1366,                 1.1953,                0.72737,                0.58204,                0.66458,                 0.4627,                 1.1558,                 1.0742,                 1.1833,              0.0006535,              0.0006535,              0.0006535
                     72,                 1.1156,                 1.1362,                 1.1955,                0.73016,                0.58165,                0.66476,                0.46307,                  1.155,                 1.0728,                 1.1824,             0.00064855,             0.00064855,             0.00064855
                     73,                 1.1082,                 1.1352,                 1.1913,                0.73333,                0.58104,                0.66534,                0.46341,                 1.1542,                 1.0713,                 1.1817,              0.0006436,              0.0006436,              0.0006436
                     74,                   1.11,                  1.132,                 1.1871,                 0.7344,                0.58035,                0.66607,                0.46385,                 1.1529,                 1.0698,                 1.1805,             0.00063865,             0.00063865,             0.00063865
                     75,                 1.1088,                 1.1187,                 1.1892,                0.73251,                0.58088,                0.66605,                0.46432,                 1.1529,                 1.0687,                 1.1806,              0.0006337,              0.0006337,              0.0006337
                     76,                 1.1113,                 1.1252,                 1.1923,                0.72717,                0.58505,                0.66705,                0.46393,                 1.1526,                 1.0678,                 1.1803,             0.00062875,             0.00062875,             0.00062875
                     77,                   1.11,                 1.1236,                 1.1942,                0.72807,                  0.586,                0.66762,                0.46436,                 1.1522,                 1.0671,                 1.1803,              0.0006238,              0.0006238,              0.0006238
                     78,                 1.0999,                  1.115,                 1.1897,                 0.7279,                0.58695,                0.66834,                0.46465,                 1.1517,                 1.0656,                 1.1798,             0.00061885,             0.00061885,             0.00061885
                     79,                 1.1061,                 1.1152,                 1.1865,                0.73359,                0.58377,                0.66889,                0.46534,                 1.1521,                 1.0642,                 1.1796,              0.0006139,              0.0006139,              0.0006139
                     80,                 1.0978,                 1.1087,                 1.1839,                  0.735,                0.58426,                0.66932,                0.46555,                 1.1517,                 1.0637,                 1.1791,             0.00060895,             0.00060895,             0.00060895
                     81,                 1.0987,                 1.1093,                 1.1848,                0.73939,                0.58177,                0.66976,                0.46615,                  1.152,                 1.0628,                  1.179,               0.000604,               0.000604,               0.000604
                     82,                 1.0975,                 1.1124,                 1.1879,                 0.7409,                0.58127,                0.66984,                0.46612,                 1.1521,                  1.062,                  1.179,             0.00059905,             0.00059905,             0.00059905
                     83,                 1.0946,                 1.1016,                 1.1815,                0.73983,                0.58268,                0.66996,                0.46606,                 1.1522,                 1.0615,                 1.1791,              0.0005941,              0.0005941,              0.0005941
                     84,                 1.0954,                 1.0968,                 1.1797,                0.73364,                0.58721,                0.67038,                0.46615,                 1.1521,                 1.0611,                 1.1789,             0.00058915,             0.00058915,             0.00058915
                     85,                 1.0968,                 1.1003,                 1.1844,                0.72997,                0.59063,                0.67092,                0.46664,                 1.1522,                 1.0604,                 1.1787,              0.0005842,              0.0005842,              0.0005842
                     86,                  1.093,                 1.0956,                 1.1811,                 0.7277,                0.59215,                0.67136,                0.46709,                  1.152,                 1.0604,                 1.1784,             0.00057925,             0.00057925,             0.00057925
                     87,                 1.0967,                 1.0952,                   1.18,                 0.7272,                0.59212,                0.67158,                0.46699,                 1.1519,                   1.06,                 1.1783,              0.0005743,              0.0005743,              0.0005743
                     88,                 1.0882,                 1.0848,                 1.1771,                0.72788,                0.59173,                0.67168,                0.46721,                 1.1519,                 1.0595,                 1.1781,             0.00056935,             0.00056935,             0.00056935
                     89,                 1.0915,                 1.0873,                 1.1804,                0.72922,                 0.5924,                 0.6718,                0.46735,                 1.1516,                 1.0589,                 1.1779,              0.0005644,              0.0005644,              0.0005644
                     90,                 1.0934,                 1.0893,                 1.1809,                0.72931,                0.59287,                0.67213,                0.46785,                 1.1517,                 1.0584,                 1.1781,             0.00055945,             0.00055945,             0.00055945
                     91,                 1.0916,                 1.0797,                 1.1746,                0.72945,                0.59207,                0.67204,                0.46799,                 1.1517,                 1.0583,                  1.178,              0.0005545,              0.0005545,              0.0005545
                     92,                 1.0855,                   1.08,                 1.1747,                0.73131,                0.59176,                0.67216,                0.46816,                 1.1518,                  1.058,                 1.1778,             0.00054955,             0.00054955,             0.00054955
                     93,                 1.0848,                 1.0786,                 1.1757,                0.73021,                 0.5911,                0.67227,                 0.4681,                 1.1518,                 1.0575,                 1.1779,              0.0005446,              0.0005446,              0.0005446
                     94,                 1.0877,                 1.0776,                 1.1767,                0.73089,                0.59155,                0.67242,                0.46846,                 1.1518,                  1.057,                 1.1781,             0.00053965,             0.00053965,             0.00053965
                     95,                  1.083,                 1.0747,                 1.1751,                0.73236,                0.59134,                0.67269,                0.46857,                 1.1516,                 1.0566,                  1.178,              0.0005347,              0.0005347,              0.0005347
                     96,                 1.0766,                 1.0678,                 1.1729,                 0.7316,                0.59214,                0.67285,                0.46876,                 1.1517,                 1.0563,                 1.1782,             0.00052975,             0.00052975,             0.00052975
                     97,                 1.0797,                 1.0624,                 1.1742,                0.73076,                0.59269,                0.67289,                0.46889,                 1.1515,                 1.0556,                 1.1781,              0.0005248,              0.0005248,              0.0005248
                     98,                 1.0723,                 1.0587,                 1.1723,                0.73049,                 0.5928,                  0.673,                0.46895,                 1.1514,                  1.055,                 1.1782,             0.00051985,             0.00051985,             0.00051985
                     99,                 1.0842,                 1.0675,                 1.1747,                 0.7314,                0.59248,                0.67288,                0.46895,                 1.1513,                 1.0545,                 1.1782,              0.0005149,              0.0005149,              0.0005149
                    100,                  1.071,                 1.0593,                 1.1681,                0.73191,                0.59177,                0.67277,                0.46891,                 1.1512,                 1.0541,                 1.1781,             0.00050995,             0.00050995,             0.00050995
                    101,                 1.0772,                 1.0595,                 1.1717,                0.73239,                0.59217,                0.67281,                 0.4692,                 1.1511,                 1.0534,                 1.1781,               0.000505,               0.000505,               0.000505
                    102,                 1.0694,                 1.0559,                 1.1699,                0.73313,                 0.5912,                0.67307,                0.46926,                 1.1509,                  1.053,                  1.178,             0.00050005,             0.00050005,             0.00050005
                    103,                 1.0693,                 1.0391,                 1.1627,                0.73105,                0.59302,                0.67334,                0.46933,                  1.151,                 1.0526,                 1.1781,              0.0004951,              0.0004951,              0.0004951
                    104,                 1.0679,                 1.0479,                 1.1648,                0.72732,                0.59564,                 0.6734,                0.46931,                 1.1507,                 1.0522,                 1.1778,             0.00049015,             0.00049015,             0.00049015
                    105,                  1.076,                 1.0505,                 1.1654,                 0.7294,                0.59369,                0.67338,                0.46928,                 1.1508,                 1.0521,                 1.1779,              0.0004852,              0.0004852,              0.0004852
                    106,                 1.0669,                 1.0439,                 1.1658,                0.72943,                0.59418,                0.67355,                0.46952,                 1.1507,                 1.0518,                 1.1777,             0.00048025,             0.00048025,             0.00048025
                    107,                 1.0705,                 1.0448,                 1.1659,                0.72674,                0.59618,                0.67357,                0.46963,                 1.1507,                 1.0515,                 1.1778,              0.0004753,              0.0004753,              0.0004753
                    108,                  1.074,                 1.0404,                 1.1631,                0.72851,                0.59539,                0.67379,                0.46967,                 1.1507,                  1.051,                 1.1778,             0.00047035,             0.00047035,             0.00047035
                    109,                 1.0648,                 1.0304,                 1.1639,                0.72282,                0.59981,                0.67379,                0.46973,                 1.1507,                 1.0512,                 1.1777,              0.0004654,              0.0004654,              0.0004654
                    110,                 1.0636,                 1.0312,                  1.162,                0.72838,                0.59704,                0.67382,                0.46984,                 1.1505,                 1.0506,                 1.1776,             0.00046045,             0.00046045,             0.00046045
                    111,                 1.0585,                 1.0335,                 1.1548,                0.72618,                0.59826,                0.67371,                0.46973,                 1.1506,                 1.0503,                 1.1777,              0.0004555,              0.0004555,              0.0004555
                    112,                 1.0607,                 1.0285,                 1.1556,                0.72761,                0.59735,                0.67363,                0.46976,                 1.1505,                 1.0501,                 1.1777,             0.00045055,             0.00045055,             0.00045055
                    113,                 1.0561,                 1.0226,                 1.1559,                0.72874,                0.59706,                0.67372,                0.46995,                 1.1503,                 1.0497,                 1.1777,              0.0004456,              0.0004456,              0.0004456
                    114,                 1.0611,                 1.0277,                 1.1596,                0.72618,                0.59953,                0.67398,                0.46986,                 1.1503,                 1.0495,                 1.1777,             0.00044065,             0.00044065,             0.00044065
                    115,                 1.0599,                 1.0314,                 1.1565,                0.72409,                0.60024,                0.67413,                0.46981,                 1.1501,                 1.0495,                 1.1776,              0.0004357,              0.0004357,              0.0004357
                    116,                 1.0587,                 1.0226,                 1.1557,                0.72513,                0.60006,                0.67399,                0.47002,                 1.1501,                 1.0492,                 1.1777,             0.00043075,             0.00043075,             0.00043075
                    117,                 1.0541,                  1.016,                 1.1569,                0.72535,                0.59946,                0.67404,                0.47044,                 1.1498,                 1.0488,                 1.1773,              0.0004258,              0.0004258,              0.0004258
                    118,                  1.059,                 1.0219,                  1.158,                 0.7253,                0.60026,                0.67484,                0.47075,                 1.1496,                 1.0484,                 1.1769,             0.00042085,             0.00042085,             0.00042085
                    119,                 1.0628,                 1.0214,                 1.1586,                0.72536,                0.60004,                0.67473,                0.47077,                 1.1497,                  1.048,                 1.1769,              0.0004159,              0.0004159,              0.0004159
                    120,                 1.0547,                 1.0113,                 1.1525,                0.72573,                0.59947,                0.67466,                0.47076,                 1.1498,                  1.048,                 1.1768,             0.00041095,             0.00041095,             0.00041095
                    121,                 1.0505,                 1.0082,                 1.1562,                0.72719,                0.59783,                0.67445,                0.47075,                 1.1498,                 1.0477,                 1.1767,               0.000406,               0.000406,               0.000406
                    122,                 1.0516,                 1.0037,                 1.1519,                0.72833,                0.59681,                0.67454,                0.47082,                 1.1497,                 1.0474,                 1.1768,             0.00040105,             0.00040105,             0.00040105
                    123,                 1.0483,                 1.0014,                 1.1493,                0.72921,                0.59773,                0.67468,                0.47089,                 1.1494,                 1.0473,                 1.1765,              0.0003961,              0.0003961,              0.0003961
                    124,                 1.0545,                 1.0053,                 1.1516,                0.73061,                0.59796,                0.67499,                0.47094,                 1.1495,                 1.0472,                 1.1765,             0.00039115,             0.00039115,             0.00039115
                    125,                 1.0469,                 1.0012,                 1.1478,                0.73082,                0.59745,                 0.6751,                0.47093,                 1.1497,                 1.0469,                 1.1766,              0.0003862,              0.0003862,              0.0003862
                    126,                 1.0457,                 1.0029,                 1.1472,                0.73167,                0.59708,                0.67536,                0.47125,                 1.1499,                 1.0467,                 1.1768,             0.00038125,             0.00038125,             0.00038125
                    127,                 1.0519,                0.99729,                 1.1499,                0.73159,                0.59611,                0.67533,                0.47112,                 1.1501,                 1.0462,                 1.1768,              0.0003763,              0.0003763,              0.0003763
                    128,                 1.0468,                0.99709,                  1.147,                0.73158,                0.59647,                0.67503,                 0.4709,                 1.1499,                 1.0459,                 1.1766,             0.00037135,             0.00037135,             0.00037135
                    129,                  1.049,                0.99424,                 1.1499,                0.73345,                0.59468,                0.67516,                0.47083,                   1.15,                  1.046,                 1.1767,              0.0003664,              0.0003664,              0.0003664
                    130,                  1.044,                0.99132,                 1.1489,                0.73513,                0.59363,                0.67497,                0.47074,                   1.15,                 1.0456,                 1.1767,             0.00036145,             0.00036145,             0.00036145
                    131,                  1.037,                0.98244,                 1.1401,                0.73341,                0.59354,                0.67513,                0.47089,                 1.1502,                 1.0453,                 1.1767,              0.0003565,              0.0003565,              0.0003565
                    132,                 1.0386,                0.98801,                 1.1452,                0.73348,                0.59373,                0.67517,                0.47084,                   1.15,                  1.045,                 1.1765,             0.00035155,             0.00035155,             0.00035155
                    133,                 1.0393,                0.98643,                 1.1428,                0.73277,                0.59359,                0.67484,                0.47085,                 1.1501,                 1.0447,                 1.1765,              0.0003466,              0.0003466,              0.0003466
                    134,                 1.0378,                0.98532,                 1.1437,                0.73406,                0.59371,                0.67499,                0.47112,                 1.1504,                 1.0446,                 1.1766,             0.00034165,             0.00034165,             0.00034165
                    135,                 1.0442,                0.98224,                 1.1475,                0.73542,                0.59287,                0.67504,                0.47108,                 1.1506,                 1.0445,                 1.1767,              0.0003367,              0.0003367,              0.0003367
                    136,                 1.0385,                0.97893,                 1.1428,                0.73682,                 0.5926,                0.67502,                0.47092,                 1.1509,                 1.0443,                 1.1767,             0.00033175,             0.00033175,             0.00033175
                    137,                 1.0366,                0.98161,                 1.1413,                0.73794,                0.59173,                0.67496,                0.47115,                 1.1508,                 1.0445,                 1.1767,              0.0003268,              0.0003268,              0.0003268
                    138,                 1.0286,                0.97001,                 1.1389,                0.74057,                0.59005,                0.67538,                0.47117,                 1.1509,                 1.0442,                 1.1768,             0.00032185,             0.00032185,             0.00032185
                    139,                  1.038,                0.97443,                 1.1426,                 0.7428,                0.58733,                0.67519,                0.47112,                 1.1509,                 1.0441,                 1.1768,              0.0003169,              0.0003169,              0.0003169
                    140,                 1.0201,                0.96335,                 1.1359,                0.74226,                0.58819,                0.67526,                  0.471,                 1.1509,                 1.0442,                 1.1768,             0.00031195,             0.00031195,             0.00031195
                    141,                 1.0315,                0.96905,                 1.1375,                0.74177,                0.58906,                0.67555,                0.47118,                  1.151,                  1.044,                 1.1768,               0.000307,               0.000307,               0.000307
                    142,                 1.0318,                0.96277,                 1.1399,                0.74345,                0.58808,                0.67562,                0.47106,                 1.1511,                 1.0437,                 1.1768,             0.00030205,             0.00030205,             0.00030205
                    143,                 1.0263,                0.95822,                 1.1352,                0.74552,                 0.5873,                0.67578,                0.47133,                  1.151,                 1.0438,                 1.1768,              0.0002971,              0.0002971,              0.0002971
                    144,                 1.0272,                0.96269,                 1.1393,                0.74129,                0.58917,                 0.6758,                0.47153,                 1.1512,                  1.044,                  1.177,             0.00029215,             0.00029215,             0.00029215
                    145,                 1.0254,                0.95403,                 1.1355,                0.74129,                 0.5891,                 0.6759,                0.47158,                 1.1514,                 1.0438,                 1.1772,              0.0002872,              0.0002872,              0.0002872
                    146,                 1.0248,                0.96082,                  1.135,                0.74199,                0.58952,                0.67621,                0.47181,                 1.1514,                 1.0441,                 1.1771,             0.00028225,             0.00028225,             0.00028225
                    147,                 1.0222,                0.94767,                 1.1307,                0.73946,                0.59222,                0.67641,                0.47154,                 1.1515,                 1.0439,                 1.1772,              0.0002773,              0.0002773,              0.0002773
                    148,                 1.0282,                0.95543,                 1.1364,                 0.7409,                0.59128,                0.67614,                0.47169,                 1.1513,                 1.0438,                  1.177,             0.00027235,             0.00027235,             0.00027235
                    149,                 1.0226,                0.94755,                  1.133,                0.73834,                0.59184,                0.67596,                0.47155,                 1.1516,                 1.0438,                 1.1773,              0.0002674,              0.0002674,              0.0002674
                    150,                 1.0164,                0.94281,                 1.1273,                0.73723,                0.59332,                0.67593,                0.47156,                 1.1517,                  1.044,                 1.1772,             0.00026245,             0.00026245,             0.00026245
                    151,                  1.018,                  0.946,                 1.1324,                0.73684,                0.59378,                0.67592,                0.47147,                 1.1519,                 1.0435,                 1.1772,              0.0002575,              0.0002575,              0.0002575
                    152,                 1.0133,                0.93845,                 1.1306,                0.73596,                0.59485,                0.67616,                0.47166,                  1.152,                 1.0437,                 1.1774,             0.00025255,             0.00025255,             0.00025255
                    153,                 1.0132,                0.93941,                 1.1295,                0.73911,                0.59386,                0.67617,                0.47141,                 1.1523,                 1.0437,                 1.1775,              0.0002476,              0.0002476,              0.0002476
                    154,                 1.0131,                0.93178,                 1.1251,                0.73685,                0.59535,                0.67637,                0.47154,                 1.1524,                 1.0435,                 1.1776,             0.00024265,             0.00024265,             0.00024265
                    155,                  1.016,                 0.9329,                 1.1291,                0.74008,                0.59319,                0.67612,                0.47162,                 1.1527,                 1.0436,                 1.1777,              0.0002377,              0.0002377,              0.0002377
                    156,                 1.0169,                0.93201,                 1.1291,                0.73814,                0.59454,                0.67609,                0.47159,                  1.153,                 1.0437,                 1.1779,             0.00023275,             0.00023275,             0.00023275
                    157,                 1.0116,                 0.9332,                 1.1291,                0.73588,                0.59595,                0.67617,                0.47156,                 1.1533,                 1.0438,                  1.178,              0.0002278,              0.0002278,              0.0002278
                    158,                 1.0157,                0.93364,                 1.1275,                0.73672,                0.59634,                0.67623,                0.47176,                 1.1533,                 1.0441,                 1.1781,             0.00022285,             0.00022285,             0.00022285
                    159,                 1.0067,                 0.9285,                 1.1256,                0.73656,                0.59722,                0.67649,                0.47155,                 1.1535,                 1.0441,                 1.1782,              0.0002179,              0.0002179,              0.0002179
                    160,                 1.0092,                0.92692,                 1.1275,                0.73482,                0.59745,                0.67645,                0.47149,                 1.1535,                 1.0443,                 1.1781,             0.00021295,             0.00021295,             0.00021295
                    161,                 1.0062,                0.92481,                 1.1241,                0.73633,                 0.5981,                0.67644,                0.47161,                 1.1537,                 1.0449,                 1.1782,               0.000208,               0.000208,               0.000208
                    162,                 1.0072,                0.92012,                 1.1234,                0.73743,                0.59714,                0.67652,                0.47147,                 1.1539,                 1.0451,                 1.1783,             0.00020305,             0.00020305,             0.00020305
                    163,                 1.0003,                0.91835,                 1.1211,                0.73704,                0.59687,                0.67657,                0.47165,                 1.1538,                 1.0454,                 1.1781,              0.0001981,              0.0001981,              0.0001981
                    164,                 1.0064,                0.91726,                 1.1214,                0.73692,                0.59691,                0.67628,                0.47146,                 1.1539,                 1.0458,                 1.1782,             0.00019315,             0.00019315,             0.00019315
                    165,                 1.0059,                 0.9147,                 1.1185,                0.73743,                0.59654,                0.67609,                0.47121,                 1.1538,                  1.046,                 1.1779,              0.0001882,              0.0001882,              0.0001882
                    166,                 1.0007,                0.91337,                 1.1188,                0.73615,                0.59668,                0.67629,                0.47128,                 1.1541,                 1.0461,                 1.1781,             0.00018325,             0.00018325,             0.00018325
                    167,                 1.0029,                0.91432,                 1.1209,                0.73317,                0.59682,                0.67603,                0.47123,                 1.1542,                 1.0463,                 1.1782,              0.0001783,              0.0001783,              0.0001783
                    168,                0.99877,                0.90956,                 1.1197,                0.73398,                0.59711,                0.67597,                0.47128,                 1.1543,                 1.0464,                 1.1783,             0.00017335,             0.00017335,             0.00017335
                    169,                 1.0004,                0.91088,                   1.12,                0.73434,                0.59702,                0.67598,                0.47118,                 1.1547,                 1.0468,                 1.1786,              0.0001684,              0.0001684,              0.0001684
                    170,                0.99862,                0.90367,                 1.1132,                0.73644,                0.59608,                0.67587,                0.47091,                 1.1548,                 1.0473,                 1.1786,             0.00016345,             0.00016345,             0.00016345
                    171,                 1.0004,                0.89905,                 1.1182,                0.73684,                0.59663,                  0.676,                0.47099,                 1.1551,                 1.0478,                 1.1787,              0.0001585,              0.0001585,              0.0001585
